time,year,GDP,month,spring_festival,population,tem_avg,rhu_avg,wind_avg,sunshine,rainfall,pres_avg,PM10,NOX,PM25,SO2,NO2,O3,CO,count
1,1997,1773.53,1,0,6516.7,16.7,71,26.7,173.6,44.6,1019.3,75,164,51,19,75,30,0.91,454
2,1997,1773.53,2,1,6516.7,16.1,79,30.2,85.5,111.7,1018.3,46,120,29,11,56,31,0.75,384
3,1997,1773.53,3,0,6516.7,20.1,82,21.2,129.3,34.8,1016.9,52,150,35,16,63,28,0.81,584
4,1997,1773.53,4,0,6516.7,22.8,83,21.8,73.6,133.2,1014.1,58,144,39,16,69,37,0.66,586
5,1997,1773.53,5,0,6516.7,26.1,82,21,136.7,300.8,1008.6,44,140,29,16,61,28,0.84,772
6,1997,1773.53,6,0,6516.7,27.3,85,20.8,99.7,783.6,1006.2,37,117,24,21,49,19,0.63,628
7,1997,1773.53,7,0,6516.7,28.1,84,18.9,125.1,746,1006.6,29,106,18,18,38,11,0.53,610
8,1997,1773.53,8,0,6516.7,28.4,83,25.8,141.3,829,1003.4,43,139,28,20,54,19,1.09,736
9,1997,1773.53,9,0,6516.7,26.5,79,22,117.1,232.9,1012.1,49,149,33,23,66,25,0.96,544
10,1997,1773.53,10,0,6516.7,25.9,78,19.4,173.3,112.8,1016,69,136,48,16,73,36,1.09,621
11,1997,1773.53,11,0,6516.7,23.1,71,22.9,202.6,7.1,1017.9,63,171,43,17,76,27,1.02,640
12,1997,1773.53,12,0,6516.7,18.9,75,26.2,100.4,6.5,1020.3,66,180,45,16,73,22,1.18,477
13,1998,1688.86,1,0,6583.4,16.8,81,28.3,86,48.9,1019.2,77,198,52,12,66,21,1.35,499
14,1998,1688.86,2,1,6583.4,17.2,83,23.5,56.4,153.7,1018.1,59,217,40,14,70,17,1.22,535
15,1998,1688.86,3,0,6583.4,19.1,86,25.8,82.2,55.3,1016.3,62,180,42,10,69,29,1.1,591
16,1998,1688.86,4,0,6583.4,24.8,82,17.1,123.4,237.1,1013,64,168,44,15,64,32,0.86,594
17,1998,1688.86,5,0,6583.4,26.8,84,18,139.3,335.2,1009.6,45,142,30,12,55,29,0.78,772
18,1998,1688.86,6,0,6583.4,28.3,84,25.8,90,814.5,1006.9,40,138,26,14,41,17,0.62,641
19,1998,1688.86,7,0,6583.4,29,80,26.1,222.1,267.2,1007.3,34,127,21,16,35,12,0.62,550
20,1998,1688.86,8,0,6583.4,29.5,79,16.4,234.3,245.4,1008.3,37,147,25,19,42,15,0.66,772
21,1998,1688.86,9,0,6583.4,27.8,78,24.4,159.9,230.9,1008.3,61,177,41,14,66,42,0.92,583
22,1998,1688.86,10,0,6583.4,26.1,71,33.6,180.4,133.9,1011.6,66,167,44,12,71,51,0.9,677
23,1998,1688.86,11,0,6583.4,23.2,72,27.8,137.5,28.8,1015.6,78,197,53,14,75,42,1.05,696
24,1998,1688.86,12,0,6583.4,19.1,70,26.5,153.8,13.7,1019.6,76,186,52,16,71,33,1.07,727
25,1999,1657.68,1,0,6637.6,17.3,70,25.3,133.3,4.5,1018.3,89,241,61,25,87,36,1.73,578
26,1999,1657.68,2,1,6637.6,18.7,69.9,24.8,182.6,0,1020.2,80,232,55,21,81,46,0.99,507
27,1999,1657.68,3,0,6637.6,20.4,84,24.8,99.4,23.6,1011.5,55,221,37,21,67,30,0.95,549
28,1999,1657.68,4,0,6637.6,24.3,79,26.9,139.7,176.9,1011.3,62,171,42,19,64,45,0.79,665
29,1999,1657.68,5,0,6637.6,24.9,82,25,109.8,177.8,1009.7,43,182,28,21,65,37,0.88,688
30,1999,1657.68,6,0,6637.6,28.9,79,20.5,191,197.4,1005.5,39,154,26,18,40,22,0.86,680
31,1999,1657.68,7,0,6637.6,29.2,81,21.2,158,203.8,1003,38,159,25,20,41,19,0.92,734
32,1999,1657.68,8,0,6637.6,28.3,82,20.3,138.5,892,1005,42,181,28,24,49,21,0.89,618
33,1999,1657.68,9,0,6637.6,27.8,78,22.5,148.5,365.7,1006.7,51,185,34,24,62,30,0.88,593
34,1999,1657.68,10,0,6637.6,26.2,73,28.5,195.2,38.8,1013.7,64,160,43,16,65,45,1.01,682
35,1999,1657.68,11,0,6637.6,22.2,70,29.2,191.2,15.7,1017.1,70,185,47,16,72,42,1.16,643
36,1999,1657.68,12,0,6637.6,16.8,60,28.2,165.4,32.9,1021.3,78,230,53,21,85,32,1.29,575
37,2000,1716.68,1,0,6730.3,17,74,26.5,130.7,70.3,1019.5,67,219,46,18,76,28,1.28,578
38,2000,1716.68,2,1,6730.3,15.4,80,24.9,99.7,27.6,1017.8,52,203,36,16,65,27,1.05,507
39,2000,1716.68,3,0,6730.3,19.2,79,22.4,137.1,40.9,1015.3,78,219,44,21,80,41,1.06,549
40,2000,1716.68,4,0,6730.3,23.1,85,22,77.3,547.7,1011.1,56,184,32,17,59,35,0.87,665
41,2000,1716.68,5,0,6730.3,26.1,80,21.6,148.5,208.3,1008.6,53,147,29,15,58,41,0.85,688
42,2000,1716.68,6,0,6730.3,28.3,78,22.4,207.1,443.3,1007.1,33,150,19,20,42,24,0.64,680
43,2000,1716.68,7,0,6730.3,28.8,80,23.8,221.9,304,1003.5,39,153,23,21,44,23,0.73,734
44,2000,1716.68,8,0,6730.3,28.5,81,16.8,176.4,600.7,1004.5,39,190,25,25,50,18,0.95,618
45,2000,1716.68,9,0,6730.3,27.7,72.5,23.7,217.2,152.6,1009,58,155,37,15,63,48,0.92,593
46,2000,1716.68,10,0,6730.3,26,77,32.8,165.5,204.1,1011.9,47,143,30,13,51,36,0.82,682
47,2000,1716.68,11,0,6730.3,21,74,28.8,119.6,96.8,1016.6,58,180,38,17,67,34,1.05,643
48,2000,1716.68,12,0,6730.3,18.9,76,25.3,163.9,56,1018.4,65,198,44,19,71,32,1.16,575
49,2001,1694.03,1,1,6730.3,17.3,78,24.9,112.2,47.6,1017.5,62,198,39,16,70,32,1.23,503
50,2001,1694.03,2,0,6730.3,17.6,79,22,127.9,10.9,1016.9,63,224,42,20,73,28,1.32,516
51,2001,1694.03,3,0,6730.3,20.6,77,20.5,140.4,56.5,1014.9,76,195,43,17,73,40,1.03,670
52,2001,1694.03,4,0,6730.3,22.4,85,21.4,79,133,1012,57,177,34,14,63,39,0.95,565
53,2001,1694.03,5,0,6730.3,26.7,82,17.4,149.5,162,1007.5,52,177,35,19,61,37,1.08,713
54,2001,1694.03,6,0,6730.3,27.6,85,20.3,114,1083.6,1005.6,34,179,21,16,45,22,0.86,651
55,2001,1694.03,7,0,6730.3,28.1,84,24.9,136.3,656.4,1004,37,170,22,18,45,21,0.99,592
56,2001,1694.03,8,0,6730.3,29.2,80,17.3,207.9,318.9,1005.4,42,174,27,17,54,27,0.98,693
57,2001,1694.03,9,0,6730.3,28.1,75,18.9,162.3,563.3,1007.4,65,201,46,21,76,45,1.09,587
58,2001,1694.03,10,0,6730.3,26.1,73,26.5,205.9,10.7,1014.7,66,151,44,12,66,59,1.08,654
59,2001,1694.03,11,0,6730.3,21.5,65,26,206.4,4.3,1018.6,73,200,49,17,79,45,1.03,560
60,2001,1694.03,12,0,6730.3,18.3,72,26,143,44.6,1022,63,217,44,16,73,34,1.14,558
61,2002,1663.49,1,0,6725.8,17.3,75,19.8,161.9,25,1020.5,74,269,51,25,84,32,1.15,527
62,2002,1663.49,2,1,6725.8,18.2,77,22.5,145.8,4.6,1020.6,66,203,44,15,73,46,1.16,438
63,2002,1663.49,3,0,6725.8,21.5,81,19.5,104.4,238.7,1015.6,61,190,36,16,64,38,1.08,530
64,2002,1663.49,4,0,6725.8,24.6,82,18.4,176.8,12.4,1013,45,169,28,19,53,32,0.88,596
65,2002,1663.49,5,0,6725.8,27,81,18.5,160.2,275.6,1009,45,164,29,18,57,41,0.96,540
66,2002,1663.49,6,0,6725.8,28.8,80,23,181.2,237.6,1006.4,30,140,18,13,38,29,0.8,509
67,2002,1663.49,7,0,6725.8,28.9,82,17.7,165.5,320.8,1002.8,40,174,27,19,48,26,0.96,652
68,2002,1663.49,8,0,6725.8,28.4,81,22.6,189.3,365.9,1005.1,44,183,30,26,54,28,0.97,599
69,2002,1663.49,9,0,6725.8,27.2,80,22.6,146.1,723,1009.5,53,166,38,15,63,47,1.06,551
70,2002,1663.49,10,0,6725.8,25.1,77,23.3,136.8,199,1014,53,165,35,13,64,44,1.09,579
71,2002,1663.49,11,0,6725.8,21.5,72,24.7,176,23.3,1018.1,60,167,41,18,68,38,1.21,486
72,2002,1663.49,12,0,6725.8,18.2,80,24.3,125.8,64.1,1019.8,54,165,35,14,62,28,1.24,595
73,2003,1613.85,1,0,6764.2,16.1,71,26.3,191.8,21.7,1021.2,81,217,60,22,84,40,1.32,437
74,2003,1613.85,2,1,6764.2,18.5,82,21.3,105.5,15.1,1018.5,57,204,40,16,65,37,1.17,449
75,2003,1613.85,3,0,6764.2,19,82,22.9,88.8,38.6,1017,54,174,37,12,63,39,0.97,606
76,2003,1613.85,4,0,6764.2,23.9,83,22.5,122.9,84.5,1012.2,55,163,37,17,56,43,0.82,466
77,2003,1613.85,5,0,6764.2,26.9,81,19.9,150,249,1008.5,53,147,37,13,54,51,1.03,464
78,2003,1613.85,6,0,6764.2,27.7,81,22,127.4,523.5,1006.1,45,165,30,17,56,39,0.83,550
79,2003,1613.85,7,0,6764.2,29.6,76,19.7,293.6,101.8,1007.9,28,149,18,17,36,21,0.63,515
80,2003,1613.85,8,0,6764.2,28.8,81,17.2,196.9,415,1005.3,35,167,18,17,49,23,0.73,513
81,2003,1613.85,9,0,6764.2,27.6,81,22.5,183.7,394,1008.7,44,151,28,16,57,36,0.79,451
82,2003,1613.85,10,0,6764.2,25.3,71,22.4,223.7,48.6,1014.8,74,160,50,16,73,59,0.98,553
83,2003,1613.85,11,0,6764.2,22.2,75,26,183.1,50.1,1016.9,75,168,58,20,71,43,1.17,500
84,2003,1613.85,12,0,6764.2,17.6,65,24.6,249.1,0,1021.8,100,219,70,25,90,45,1.35,520
85,2004,1691,1,1,6797.7,15.8,73,26.7,136.8,51,1020.4,76,179,56,20,73,44,1.03,435
86,2004,1691,2,0,6797.7,17.2,79,21.4,140.7,51.8,1018.4,71,213,51,25,82,41,1.05,447
87,2004,1691,3,0,6797.7,19.1,80,22.9,95.5,104.3,1015.8,65,167,46,18,67,39,1.07,585
88,2004,1691,4,0,6797.7,22.9,83,17.3,115.8,147.2,1012.6,65,173,47,25,71,45,1,388
89,2004,1691,5,0,6797.7,26.3,82,15.1,163.5,194.4,1008.8,48,157,34,27,58,34,1.01,542
90,2004,1691,6,0,6797.7,28.6,78,20.1,205.3,144.7,1006.8,52,136,30.4,20,54,44,0.88,523
91,2004,1691,7,0,6797.7,28.4,82,23.3,172.2,386.7,1006.7,37,150,25,22,43,21,0.77,586
92,2004,1691,8,0,6797.7,28.4,82,16.2,165.9,488.5,1003.5,56,194,40.5,34,68,27,0.84,593
93,2004,1691,9,0,6797.7,27.6,77,14.5,190.5,167.3,1009.9,61,179,47,29,72,39,0.89,520
94,2004,1691,10,0,6797.7,24.9,64,22.9,257.4,2.3,1016.1,92,155,67,23,83,72,0.89,542
95,2004,1691,11,0,6797.7,22.7,73,24.1,183.9,0.4,1018.6,73,156,52,18,72,47,0.99,560
96,2004,1691,12,0,6797.7,19.1,70,26.8,216.6,0,1019.3,82,171,59,23,77,44,1.04,505
97,2005,1815.7,1,0,6837.8,15.9,75,21.6,141.7,5.9,1019.6,88,213,67,27,81,32,1.26,494
98,2005,1815.7,2,1,6837.8,16.5,86,24.9,34.4,19.2,1017.9,53,186,40,16,58,24,1.3,427
99,2005,1815.7,3,0,6837.8,17.4,80,24.7,95.3,52.6,1018.7,64,189,45,19,70,34,0.99,527
100,2005,1815.7,4,0,6837.8,23.1,83,17.6,104.3,32.3,1014.1,64,152,45,21,63,35,1.05,556
101,2005,1815.7,5,0,6837.8,27,85,20.6,87.6,508.6,1007.9,37,130,25,19,47,26,0.65,565
102,2005,1815.7,6,0,6837.8,27.8,85,24.6,82.5,893.9,1004.6,35,154,23,17,47,27,0.65,568
103,2005,1815.7,7,0,6837.8,29.1,80,18,244.5,360.4,1006.4,37,151,26,26,46,23,0.64,599
104,2005,1815.7,8,0,6837.8,28,85,23.1,170.2,971.3,1004.8,40,151,27,25,46,25,0.7,537
105,2005,1815.7,9,0,6837.8,28.2,81,23.5,180.4,352.6,1009.2,63,149,45,27,61,40,0.78,521
106,2005,1815.7,10,0,6837.8,26.2,72,24.9,221.7,6.6,1014.9,77,141,55,18,66,57,0.98,463
107,2005,1815.7,11,0,6837.8,23,77,22.9,210,1.6,1016.6,69,163,49,19,66,39,0.92,493
108,2005,1815.7,12,0,6837.8,17,64,27.7,179.7,9.5,1021.2,83,179,57,26,76,41,1.11,410
109,2006,1935.36,1,0,6904.3,16.4,79,22.1,123.1,16.3,1018.5,62,186,46,22,70,29,1.12,432
110,2006,1935.36,2,1,6904.3,17.7,81,25.4,123.2,37.7,1019.8,70,193,49,26.5,73,35,1,428
111,2006,1935.36,3,0,6904.3,18.5,86,22.8,93.3,48.4,1015.3,76,185,51,22,72,39,0.95,525
112,2006,1935.36,4,0,6904.3,23.9,84,18.1,108.1,199.2,1011.8,58,169,37,23,58,29,0.77,420
113,2006,1935.36,5,0,6904.3,25.8,83,23.3,122.2,431.5,1010.1,42,151,28,20,53,33,0.66,510
114,2006,1935.36,6,0,6904.3,28,85,21,107.8,469.2,1007,31,148,20,19,40,19,0.62,548
115,2006,1935.36,7,0,6904.3,29,83,22.7,181.2,569.2,1003.8,43,146,28,24,45,24,0.67,509
116,2006,1935.36,8,0,6904.3,28.3,83,19.6,213.2,275.4,1005.2,45,152,32,23,52,30,0.74,546
117,2006,1935.36,9,0,6904.3,26.6,78,26.7,170.3,420.2,1009.6,52,154,36,21,61,45,0.71,533
118,2006,1935.36,10,0,6904.3,26.4,77,17.6,195.8,31.2,1014.7,80,145,58,18,72,56,0.86,429
119,2006,1935.36,11,0,6904.3,23.3,76,25,125.6,99.6,1015.5,78,173,54,22,74,47,1.11,481
120,2006,1935.36,12,0,6904.3,18.2,70,27.1,209.7,29.9,1020.7,70,193,49,21,78,39,1.1,405
121,2007,2115.97,1,0,6938.4,16.4,72,23.9,157.9,29.6,1022.2,81,200,57,28,79,33,1.27,422
122,2007,2115.97,2,1,6938.4,19.5,79,21.7,129.6,6.9,1017.6,65,169,43,17,69,39,1.03,381
123,2007,2115.97,3,0,6938.4,20.2,84,23.1,76.1,27.6,1015.3,52,157,35,16,59,29,0.98,526
124,2007,2115.97,4,0,6938.4,21.8,80,20.5,113.1,125.5,1014.6,57,160,39,21,68,37,0.89,443
125,2007,2115.97,5,0,6938.4,26.4,80,16.2,183.4,288.3,1009.7,56,166,36,23,63,37,0.77,544
126,2007,2115.97,6,0,6938.4,28.4,83,19.3,157.1,490.1,1006.3,28,155,17,19,41,16,0.67,459
127,2007,2115.97,7,0,6938.4,29.6,77,18.8,263.2,76.9,1006.8,29,135,17,18,36,19,0.64,456
128,2007,2115.97,8,0,6938.4,28,84,21.1,134.3,488.4,1004,37,161,25,24,50,23,0.82,516
129,2007,2115.97,9,0,6938.4,27.7,75,21.5,175.4,102.3,1007.5,65,144,48,22,63,52,0.88,405
130,2007,2115.97,10,0,6938.4,25.6,72,29.1,178.8,51.7,1013.9,81,134,56,24,68,64,0.84,489
131,2007,2115.97,11,0,6938.4,20.9,64.9,28.8,227,3.9,1017.4,77,148,53,20,73,57,1.02,463
132,2007,2115.97,12,0,6938.4,19.3,72,22.6,182.8,15.7,1018.5,85,181,64,23,79,42,1.3,359
133,2008,2192.8,1,0,6963.9,15.9,75,22.7,124.8,33.3,1019.1,65,204,47,24,73,27,1.29,497
134,2008,2192.8,2,1,6963.9,13.3,72,25.6,96.8,27.5,1020.7,72,181,57,26,73,40,1.04,345
135,2008,2192.8,3,0,6963.9,20,76,19.4,176.8,57.2,1015.9,77,182,54,25,80,53,0.98,415
136,2008,2192.8,4,0,6963.9,23.1,85,21.2,86.6,255,1012.4,53,150,38,20,59,37,0.85,531
137,2008,2192.8,5,0,6963.9,25.3,83,20.2,124.8,191.9,1008.3,51,145,34,21,61,46,0.75,441
138,2008,2192.8,6,0,6963.9,26.7,88,21.7,75.5,1346.1,1006.2,30,151,18,22,45,21,0.66,489
139,2008,2192.8,7,0,6963.9,28.4,82,18,179,471.1,1005.7,33,151,22,26,46,22,0.69,588
140,2008,2192.8,8,0,6963.9,28.4,79,20,215.5,317,1005.9,30,131,19,22,42,25,0.64,473
141,2008,2192.8,9,0,6963.9,29,75,18.5,213.9,159.2,1007.8,53,144,39,22,60,44,0.76,506
142,2008,2192.8,10,0,6963.9,26.5,77,28.5,180.6,144.6,1014.1,58,118,39,13,59,57,0.8,473
143,2008,2192.8,11,0,6963.9,21.9,65,27.8,216,54.3,1018,62,144,39,15,68,51,0.89,424
144,2008,2192.8,12,0,6963.9,18.4,63,24.3,188.5,9,1019.8,78,189,47,18,85,46,1.1,453
145,2009,2140.46,1,1,6996.4,15.3,64,25.9,226.5,0,1021.9,71,170,47,19,77,45,1.05,362
146,2009,2140.46,2,0,6996.4,20.5,81,21,140.7,1.1,1015.5,51,159,31,12,63,39,0.95,445
147,2009,2140.46,3,0,6996.4,19.7,83,24,70.1,120.7,1015.2,50,156,30,13,63,35,0.87,462
148,2009,2140.46,4,0,6996.4,22,77,29,119.3,108.7,1012.7,55,127,33,13,64,67,0.71,492
149,2009,2140.46,5,0,6996.4,25.5,78,21.9,169.8,245.2,1010.8,42,128,26,12,56,51,0.58,431
150,2009,2140.46,6,0,6996.4,28.1,81,18.4,127.1,341.8,1004.8,34,149,21,16,56,31,0.55,489
151,2009,2140.46,7,0,6996.4,29.1,81,21.5,197.4,389.4,1005.1,27,127,15,13,42,23,0.55,471
152,2009,2140.46,8,0,6996.4,29.4,80,16.1,192.1,334.1,1004.9,39,155,26,18,59,31,0.69,437
153,2009,2140.46,9,0,6996.4,28.8,78,28.6,181.3,486.3,1007.5,41,115,26,11,52,46,0.61,443
154,2009,2140.46,10,0,6996.4,26.2,73,21.6,202.6,44.4,1012.4,74,134,47,14,76,75,0.75,367
155,2009,2140.46,11,0,6996.4,20.5,72,25.5,171.4,60.4,1017.7,51,149,33,13,68,37,0.73,397
156,2009,2140.46,12,0,6996.4,17.3,78,25.8,124.5,50.2,1019.3,61,165,42,13,74,35,0.97,397
157,2010,2286.38,1,0,7052.1,16.8,80,27.1,108.7,24.6,1020.5,58,161,37,12,71,35,1.05,363
158,2010,2286.38,2,1,7052.1,17.9,88,22.7,31.8,113.1,1016.6,35,154,24,9,60,27,0.79,349
159,2010,2286.38,3,0,7052.1,20.2,80,22.2,110.1,17.5,1016.9,83,163,39,13,70,37,0.91,486
160,2010,2286.38,4,0,7052.1,21,87,23.1,49.2,78.9,1014.7,44,147,28,10,66,42,0.94,394
161,2010,2286.38,5,0,7052.1,25.6,86,19,112.1,176.6,1008.8,40,139,24,10,63,43,0.84,416
162,2010,2286.38,6,0,7052.1,27.1,85,21,92.5,474.9,1007.8,28,146,18,11,55,29,0.7,487
163,2010,2286.38,7,0,7052.1,29.2,81,20.4,247.8,469.4,1008.2,21,128,12,10,43,18,0.59,453
164,2010,2286.38,8,0,7052.1,28.8,81,15.5,213.4,350.3,1008.1,31,146,20,12,56,29,0.77,421
165,2010,2286.38,9,0,7052.1,28,83,18.6,179.9,583.1,1008.7,37,152,26,14,66,36,0.82,433
166,2010,2286.38,10,0,7052.1,24.8,72,31.5,165.5,22.7,1012.5,58,115,39,10,64,59,0.85,456
167,2010,2286.38,11,0,7052.1,21.2,74,24,212.5,42.2,1017.1,74,156,52,12,82.5,59,0.97,419
168,2010,2286.38,12,0,7052.1,18.1,66,26.3,185.8,18.4,1016.3,72,192,44,15,90,47,0.99,416
169,2011,2485.14,1,0,7109.5,14.4,67,27.1,158.6,5.4,1021.5,73,175,50,16,81,30,1.18,364
170,2011,2485.14,2,1,7109.5,16.2,77,22.5,127.7,23.7,1017.1,57,181,41,11,80,35,0.98,338
171,2011,2485.14,3,0,7109.5,18,74.4,26.2,108.6,20.5,1018.7,69,163,47,13,79,43,1,467
172,2011,2485.14,4,0,7109.5,22.9,76,18.4,191.6,36,1014,63,167,42,15,77.6,46,0.74,360
173,2011,2485.14,5,0,7109.5,26,81,16.9,150.5,186.7,1009.2,44,147,32,12,65,36,0.67,426
174,2011,2485.14,6,0,7109.5,28.6,82,21.5,149.5,446.1,1005.3,27,132,18,10,47,20,0.51,415
175,2011,2485.14,7,0,7109.5,28.8,81,19.3,202.3,226.8,1004.4,29,146,20,13,53,22,0.57,394
176,2011,2485.14,8,0,7109.5,29.5,77,13.4,242,157.6,1006.1,34,145,24,16,57,24,0.63,450
177,2011,2485.14,9,0,7109.5,28,79,26.4,158.5,123.1,1007.6,46,114,33,10,57,41,0.65,393
178,2011,2485.14,10,0,7109.5,24.8,78,29.3,161.1,172.4,1013.9,53,120,35,11,65,49,0.68,368
179,2011,2485.14,11,0,7109.5,23,77,27.3,134.2,86.1,1015.4,47,135,32,12,67,42,0.77,434
180,2011,2485.14,12,0,7109.5,16.9,65,28.1,193.9,2.8,1020.9,72,161,50,19,81,37,1.05,385
181,2012,2626.29,1,1,7171,15.1,82,23.3,86,42.1,1019.3,52,170,38,11,69,21,1.24,334
182,2012,2626.29,2,0,7171,15.8,85,25.4,38.1,29.5,1016.8,43,157,30,9,64,24,1.1,380
183,2012,2626.29,3,0,7171,19,83,23.9,106.5,22.1,1015.6,52,160,29,10,69,34,0.95,387
184,2012,2626.29,4,0,7171,23.9,85,21.4,88.1,294.9,1011.3,45,152,28,13,66,36,0.81,391
185,2012,2626.29,5,0,7171,27,86,23.4,136.1,277.7,1007.5,31,120,19,8,55,37,0.63,445
186,2012,2626.29,6,0,7171,28.1,83,26.2,126,261.5,1002.6,33,125,20,9,57,35,0.68,459
187,2012,2626.29,7,0,7171,28.8,81,22.6,197.6,467.8,1004.6,23,137,13,10,51,21,0.61,505
188,2012,2626.29,8,0,7171,29.5,77,17,183.2,149.8,1003.3,47,171,32,18,68.4,37,0.8,449
189,2012,2626.29,9,0,7171,28,75,20,187.4,213,1010.3,42,137,29,11,65,40,0.67,387
190,2012,2626.29,10,0,7171,25.6,74,25.7,199.8,46.4,1014.3,67,123,46,11,76,71,0.83,396
191,2012,2626.29,11,0,7171,22.2,81,26.2,101.4,63.9,1015.5,50,143,33,10,68,38,0.95,410
192,2012,2626.29,12,0,7171,17.8,78,31.3,101,56,1018.3,49,152,32,11,67,26,0.94,315
193,2013,2756.97,1,0,7210.9,16.7,71,21.2,184,3.4,1020.5,71,185,50,14,86,35,1.12,364
194,2013,2756.97,2,1,7210.9,19.1,80,22.6,98.7,1.5,1018.3,42,160,28,11,68,34,0.94,305
195,2013,2756.97,3,0,7210.9,20.5,79,19.5,127.4,130.5,1015.7,50,182,32,15,79,33,0.91,366
196,2013,2756.97,4,0,7210.9,21.5,86,22.9,53.6,253.8,1012.3,51,154,36,12,74,43,0.87,414
197,2013,2756.97,5,0,7210.9,25.7,86,19.7,90.7,509.3,1008.8,30,160,20,12,63,27,0.7,445
198,2013,2756.97,6,0,7210.9,28.2,84,23.4,146.1,438.6,1005.5,26,136,16,9,50,22,0.71,385
199,2013,2756.97,7,0,7210.9,28,85,20.3,156.9,436.3,1007.1,22,135,13,9,46,18,0.63,428
200,2013,2756.97,8,0,7210.9,28.6,83,22.7,148.1,445.4,1004.9,32,151,20,13,57,24,0.73,425
201,2013,2756.97,9,0,7210.9,27.5,82,27.4,186,454.2,1008.5,42,120,26,9,57,43,0.65,422
202,2013,2756.97,10,0,7210.9,25.7,66,23.6,247.3,2.9,1014.1,77,133,50,14,80,72,0.8,410
203,2013,2756.97,11,0,7210.9,21.7,72,30.5,133.4,83.1,1017.3,61,124,36,10,67,46,0.78,353
204,2013,2756.97,12,0,7210.9,16.1,63,24.8,197.4,88.3,1019.6,86,169,63,19,87,42,1.03,347
205,2014,2914.59,1,0,7252.9,16.3,67,22.9,238.8,0,1021.3,79,163,53,16,87,48,0.97,354
206,2014,2914.59,2,1,7252.9,15.5,82,26.6,91.9,39.5,1017.7,43,132,29,10,59,34,0.74,305
207,2014,2914.59,3,0,7252.9,18.7,83,24.1,86,207.6,1017.1,53,151,35,11,65,37,0.8,426
208,2014,2914.59,4,0,7252.9,22.6,86,20.6,119.4,132.4,1013.4,46,124,31,10,65,49,0.74,428
209,2014,2914.59,5,0,7252.9,26.4,86,24.3,107.8,687.3,1009.5,26,120,16,9,50,30,0.55,407
210,2014,2914.59,6,0,7252.9,29,80,18.9,147.3,436.6,1003.8,30,119,19,10,52,34,0.57,423
211,2014,2914.59,7,0,7252.9,29.8,80,18.2,217.5,260.5,1005.3,28,120,18,12,51,26,0.56,416
212,2014,2914.59,8,0,7252.9,29,81,17.7,212,548.2,1007,22,118,13,11,47,22,0.53,378
213,2014,2914.59,9,0,7252.9,29,77,17.4,203,140.6,1008.4,37,114,25,11,58,39,0.66,418
214,2014,2914.59,10,0,7252.9,26.2,71,24.3,222.9,109.8,1014.6,61,78,39,9,57,80,0.73,364
215,2014,2914.59,11,0,7252.9,22.6,78,25,141.4,31.1,1017,51,103,34,9,60,47,0.79,403
216,2014,2914.59,12,0,7252.9,16.3,67,30.5,115.3,44.7,1021.7,62,127,40,12,69,41,0.85,383
217,2015,3093.84,1,0,7309.7,16.4,72,24.3,198.8,41.7,1021.2,65,133,44,12,75,47,0.86,359
218,2015,3093.84,2,1,7309.7,17.5,78,22.2,97.5,32,1019.4,69,128,48,11,68,46,0.83,274
219,2015,3093.84,3,0,7309.7,19.9,85,22.6,69.9,28.4,1017.7,45,113,30,8,59,37,0.77,362
220,2015,3093.84,4,0,7309.7,23.6,77,18.2,159.2,64.5,1014.1,37,114,23,11,61,38,0.74,354
221,2015,3093.84,5,0,7309.7,27.5,85,20.1,93.5,513,1008.7,24,107,14,10,49,27,0.6,371
222,2015,3093.84,6,0,7309.7,29.7,80,20.3,192.8,302.1,1007.3,18,93,10,10,39,22,0.51,427
223,2015,3093.84,7,0,7309.7,29.1,79,20.4,164.9,406.2,1004.2,28,99,17,8,50,37,0.61,394
224,2015,3093.84,8,0,7309.7,29.3,78,12.8,195.9,143.3,1006.1,34,129,23,10,62,32,0.67,369
225,2015,3093.84,9,0,7309.7,28.4,78,20,204.5,87.9,1010.2,34,92,23,8,52,52,0.67,337
226,2015,3093.84,10,0,7309.7,26,77,23,172.8,168.3,1014.4,44,94,30,8,59,57,0.69,365
227,2015,3093.84,11,0,7309.7,24,79,27.7,143.9,22.8,1017.5,39,82,24,7,49,48,0.7,412
228,2015,3093.84,12,0,7309.7,18.6,76,26.2,75.9,64.3,1020.8,42,111,28,8,58,27,0.79,394
229,2016,3208.61,1,0,7377.1,16,83,29.4,67.1,266.9,1020.4,37,112,27,7,56,31,0.92,336
230,2016,3208.61,2,1,7377.1,15.5,74,21.3,103.3,24.8,1022.2,44,117,29,8,57,31,0.92,295
231,2016,3208.61,3,0,7377.1,17.5,84,22.8,84.8,148.7,1017.7,43,127,29,8,60,40,0.84,348
232,2016,3208.61,4,0,7377.1,23.6,89,17.1,55.4,211.4,1011.6,34,112,22,9,53,35,0.81,408
233,2016,3208.61,5,0,7377.1,26.7,83,20.2,122.2,233.6,1009.7,29,79,19,7,44,46,0.74,403
234,2016,3208.61,6,0,7377.1,29.4,82,18.5,173.5,347.4,1007.7,18,87,10,8,41,24,0.64,388
235,2016,3208.61,7,0,7377.1,29.8,79,19.3,218.2,175.9,1007,23,90,14,10,43,27,0.61,368
236,2016,3208.61,8,0,7377.1,28.4,84,17.1,148.5,532.7,1002.8,28,98,18,9,52,37,0.71,393
237,2016,3208.61,9,0,7377.1,27.9,79,18.8,135.7,323.1,1007.1,35,101,23,9,54,46,0.77,352
238,2016,3208.61,10,0,7377.1,26.8,80,26.3,152.6,624.4,1010.7,29,77,20,8,43,38,0.77,349
239,2016,3208.61,11,0,7377.1,22.3,79,27,138.3,131.3,1017,36,85,24,7,50,42,0.81,370
240,2016,3208.61,12,0,7377.1,19.6,70,26.7,168.2,6.6,1019.5,54,99,36,9,61,49,0.9,336
241,2017,3416.87,1,1,7413.1,18.5,79,26.4,145.1,7.8,1019.8,45,90,31,7,53.5,47,0.9,325
242,2017,3416.87,2,0,7413.1,17,75,26.8,139.9,19.9,1020.5,41,91,28,7,52,51,0.82,338
243,2017,3416.87,3,0,7413.1,19.3,81,26.5,85.2,48,1016.4,48,90,29,7,54,58,0.82,350
244,2017,3416.87,4,0,7413.1,23.3,81,20.1,130.3,58.8,1013.2,36,93,23,8,51,46,0.76,365
245,2017,3416.87,5,0,7413.1,26,82,18.6,126,399.3,1010.5,33,95,22,9,54,55,0.74,357
246,2017,3416.87,6,0,7413.1,28.8,83,23,138.9,656,1006.7,18,93,10,6,37,21,0.55,391
247,2017,3416.87,7,0,7413.1,28.7,83,22.1,162.9,570,1006.8,18,82,12,6,35,25,0.53,382
248,2017,3416.87,8,0,7413.1,29.3,80,20.6,205.4,489.1,1006.3,22,96,13,9,43,27,0.54,382
249,2017,3416.87,9,0,7413.1,29,80,17.4,187.1,192.4,1009.1,31,103,21,9,53,45,0.56,374
250,2017,3416.87,10,0,7413.1,26.3,71,32.9,228.6,99.6,1012.7,38,71,23,6,44,64,0.6,329
251,2017,3416.87,11,0,7413.1,22.2,76,28.8,114.3,31.2,1016.6,42,86,26,7,51,51,0.67,378
252,2017,3416.87,12,0,7413.1,17.8,66,29.6,209.6,0,1020.6,56,97,35,9,58,59,0.82,335
253,2018,3626.82,1,0,7448.9,18.5,79,26.4,145.1,7.8,1019.8,43,99,28,7,53.5,47,0.8,381
254,2018,3626.82,2,1,7448.9,17,75,26.8,139.9,19.9,1020.5,46,111,30,7,57,45,0.88,319
255,2018,3626.82,3,0,7448.9,19.3,81,26.5,85.2,48,1016.4,39,95,24,7,52,56,0.73,423
256,2018,3626.82,4,0,7448.9,23.3,81,20.1,130.3,58.8,1013.2,43,82,24,7,46.6,50,0.61,389
257,2018,3626.82,5,0,7448.9,26,82,18.6,126,399.3,1010.5,23,81,14,7,41.6,37,0.51,399
258,2018,3626.82,6,0,7448.9,28.8,83,23,138.9,656,1006.7,22,77,13,6,41,45,0.61,427
259,2018,3626.82,7,0,7448.9,28.7,83,22.1,162.9,570,1006.8,20,68,10,6,32,28,0.54,373
260,2018,3626.82,8,0,7448.9,29.3,80,20.6,205.4,489.1,1006.3,25,36.6,17,7,49,91,0.69,433
261,2018,3626.82,9,0,7448.9,29,80,17.4,187.1,192.4,1009.1,31,34.1,20,8,48,90,0.62,319
262,2018,3626.82,10,0,7448.9,26.3,71,32.9,228.6,99.6,1012.7,43,33.5,25,7,53,78,0.67,412
263,2018,3626.82,11,0,7448.9,22.2,76,28.8,114.3,31.2,1016.6,37,28.4,23,6,56.5,75,0.72,420
264,2018,3626.82,12,0,7448.9,17.8,66,29.6,209.6,0,1020.6,38,23.2,23,7,49,93,0.82,339
